load,solar,px_buy,px_sell
0.12,0.0,0.4,0.05
0.12,0.00214,0.4,0.05
0.33,0.12383,0.4,0.05
0.07,0.23448,0.4,0.05
