,energy_cost,equipment_cost,solar_size_kw,batt_size_kwh,total_cost
load__ev_True__hvac_True,599.3161020230772,61.643835616438366,5.0,-0.0,660.9599376395156
load__ev_True__hvac_False,246.0237869686819,36.986301369863014,3.0,-0.0,283.0100883385449
load__ev_False__hvac_True,516.9434213076922,49.31506849315068,4.0,-0.0,566.2584898008429
load__ev_False__hvac_False,164.2220353945064,24.65753424657534,2.0,-0.0,188.87956964108176
